"","Title","Year","Rated","Released","Runtime","Genre","Director","Writer","Actors","Plot","Language","Country","Awards","Poster","Ratings.Source","Ratings.Value","Metascore","imdbRating","imdbVotes","imdbID","Type","tomatoMeter","tomatoImage","tomatoRating","tomatoReviews","tomatoFresh","tomatoRotten","tomatoConsensus","tomatoUserMeter","tomatoUserRating","tomatoUserReviews","tomatoURL","DVD","BoxOffice","Production","Website","Response"
"1","Avatar","2009","PG-13","18 Dec 2009","162 min","Action, Adventure, Fantasy","James Cameron","James Cameron","Sam Worthington, Zoe Saldana, Sigourney Weaver, Stephen Lang","A paraplegic marine dispatched to the moon Pandora on a unique mission becomes torn between following his orders and protecting the world he feels is his home.","English, Spanish","UK, USA","Won 3 Oscars. Another 86 wins & 128 nominations.","https://images-na.ssl-images-amazon.com/images/M/MV5BMTYwOTEwNjAzMl5BMl5BanBnXkFtZTcwODc5MTUwMw@@._V1_SX300.jpg","Internet Movie Database","7.8/10","83","7.8","939,525","tt0499549","movie","N/A","N/A","N/A","N/A","N/A","N/A","N/A","N/A","N/A","N/A","http://www.rottentomatoes.com/m/avatar/","22 Apr 2010","$749,700,000","20th Century Fox","http://www.avatarmovie.com/","True"
"2","Pirates of the Caribbean: At World's End","2007","PG-13","25 May 2007","169 min","Action, Adventure, Fantasy","Gore Verbinski","Ted Elliott, Terry Rossio, Ted Elliott (characters), Terry Rossio (characters), Stuart Beattie (characters), Jay Wolpert (characters)","Johnny Depp, Geoffrey Rush, Orlando Bloom, Keira Knightley","Captain Barbossa, Will Turner and Elizabeth Swann must sail off the edge of the map, navigate treachery and betrayal, find Jack Sparrow, and make their final alliances for one last decisive battle.","English","USA","Nominated for 2 Oscars. Another 20 wins & 44 nominations.","https://images-na.ssl-images-amazon.com/images/M/MV5BMjIyNjkxNzEyMl5BMl5BanBnXkFtZTYwMjc3MDE3._V1_SX300.jpg","Internet Movie Database","7.1/10","50","7.1","506,076","tt0449088","movie","N/A","N/A","N/A","N/A","N/A","N/A","N/A","N/A","N/A","N/A","http://www.rottentomatoes.com/m/pirates_of_the_caribbean_3/","04 Dec 2007","$309,404,152","Buena Vista","http://disney.go.com/disneypictures/pirates/atworldsend/","True"
"3","Spectre","2015","PG-13","06 Nov 2015","148 min","Action, Adventure, Thriller","Sam Mendes","John Logan (screenplay), Neal Purvis (screenplay), Robert Wade (screenplay), Jez Butterworth (screenplay), John Logan (story by), Neal Purvis (story by), Robert Wade (story by), Ian Fleming (based on characters created by)","Daniel Craig, Christoph Waltz, Léa Seydoux, Ralph Fiennes","A cryptic message from Bond's past sends him on a trail to uncover a sinister organization. While M battles political forces to keep the secret service alive, Bond peels back the layers of deceit to reveal the terrible truth behind SPECTRE.","English, Spanish, Italian, German, French","UK, USA","Won 1 Oscar. Another 7 wins & 30 nominations.","https://images-na.ssl-images-amazon.com/images/M/MV5BMjM2Nzg4MzkwOF5BMl5BanBnXkFtZTgwNzA0OTE3NjE@._V1_SX300.jpg","Internet Movie Database","6.8/10","60","6.8","311,366","tt2379713","movie","N/A","N/A","N/A","N/A","N/A","N/A","N/A","N/A","N/A","N/A","http://www.rottentomatoes.com/m/spectre_2015/","09 Feb 2016","$208,777,731","Sony Pictures","http://www.007.com/","True"
"4","The Dark Knight Rises","2012","PG-13","20 Jul 2012","164 min","Action, Thriller","Christopher Nolan","Jonathan Nolan (screenplay), Christopher Nolan (screenplay), Christopher Nolan (story), David S. Goyer (story), Bob Kane (characters)","Christian Bale, Gary Oldman, Tom Hardy, Joseph Gordon-Levitt","Eight years after the Joker's reign of anarchy, the Dark Knight, with the help of the enigmatic Selina, is forced from his imposed exile to save Gotham City, now on the edge of total annihilation, from the brutal guerrilla terrorist Bane.","English, Arabic","UK, USA","Nominated for 1 BAFTA Film Award. Another 38 wins & 101 nominations.","https://images-na.ssl-images-amazon.com/images/M/MV5BMTk4ODQzNDY3Ml5BMl5BanBnXkFtZTcwODA0NTM4Nw@@._V1_SX300.jpg","Internet Movie Database","8.5/10","78","8.5","1,228,378","tt1345836","movie","N/A","N/A","N/A","N/A","N/A","N/A","N/A","N/A","N/A","N/A","http://www.rottentomatoes.com/m/the_dark_knight_rises/","03 Dec 2012","$448,130,642","Warner Bros. Pictures","http://www.thedarkknightrises.com/","True"
"5","The Lone Ranger","2013","PG-13","03 Jul 2013","150 min","Action, Adventure, Western","Gore Verbinski","Justin Haythe (screenplay), Ted Elliott (screenplay), Terry Rossio (screenplay), Ted Elliott (screen story), Terry Rossio (screen story), Justin Haythe (screen story)","Johnny Depp, Armie Hammer, William Fichtner, Tom Wilkinson","Native American warrior Tonto recounts the untold tales that transformed John Reid, a man of the law, into a legend of justice.","English, North American Indian","USA","Nominated for 2 Oscars. Another 4 wins & 17 nominations.","https://images-na.ssl-images-amazon.com/images/M/MV5BMjI3Mjk5MTUxOV5BMl5BanBnXkFtZTcwNTMyNzY3OQ@@._V1_SX300.jpg","Internet Movie Database","6.5/10","37","6.5","191,532","tt1210819","movie","N/A","N/A","N/A","N/A","N/A","N/A","N/A","N/A","N/A","N/A","http://www.rottentomatoes.com/m/the_lone_ranger/","17 Dec 2013","$89,289,910","Walt Disney Pictures","http://disney.go.com/the-lone-ranger/","True"
"6","John Carter","2012","PG-13","09 Mar 2012","132 min","Action, Adventure, Sci-Fi","Andrew Stanton","Andrew Stanton (screenplay), Mark Andrews (screenplay), Michael Chabon (screenplay), Edgar Rice Burroughs (based on the story ""A Princess of Mars"" by)","Taylor Kitsch, Lynn Collins, Samantha Morton, Willem Dafoe","Transported to Barsoom, a Civil War vet discovers a barren planet seemingly inhabited by 12-foot tall barbarians. Finding himself prisoner of these creatures, he escapes, only to encounter Woola and a princess in desperate need of a savior.","English","USA","2 wins & 8 nominations.","https://images-na.ssl-images-amazon.com/images/M/MV5BMDEwZmIzNjYtNjUwNS00MzgzLWJiOGYtZWMxZGQ5NDcxZjUwXkEyXkFqcGdeQXVyNTIzOTk5ODM@._V1_SX300.jpg","Internet Movie Database","6.6/10","51","6.6","221,813","tt0401729","movie","N/A","N/A","N/A","N/A","N/A","N/A","N/A","N/A","N/A","N/A","http://www.rottentomatoes.com/m/john_carter/","05 Jun 2012","$73,058,679","Walt Disney Pictures","http://www.johncarterarrives.com","True"
"7","Tangled","2010","PG","24 Nov 2010","100 min","Animation, Adventure, Comedy","Nathan Greno, Byron Howard","Dan Fogelman (screenplay), Jacob Grimm (based upon the fairy tale ""Rapunzel"" by), Wilhelm Grimm (based upon the fairy tale ""Rapunzel"" by)","Mandy Moore, Zachary Levi, Donna Murphy, Ron Perlman","The magically long-haired Rapunzel has spent her entire life in a tower, but now that a runaway thief has stumbled upon her, she is about to discover the world for the first time, and who she really is.","English","USA","Nominated for 1 Oscar. Another 9 wins & 41 nominations.","https://images-na.ssl-images-amazon.com/images/M/MV5BMTAxNDYxMjg0MjNeQTJeQWpwZ15BbWU3MDcyNTk2OTM@._V1_SX300.jpg","Internet Movie Database","7.8/10","71","7.8","319,367","tt0398286","movie","N/A","N/A","N/A","N/A","N/A","N/A","N/A","N/A","N/A","N/A","http://www.rottentomatoes.com/m/tangled/","29 Mar 2011","$200,803,309","Walt Disney Pictures","http://Disney.com/Tangled","True"
"8","Spider-Man 3","2007","PG-13","04 May 2007","139 min","Action, Adventure","Sam Raimi","Sam Raimi (screenplay), Ivan Raimi (screenplay), Alvin Sargent (screenplay), Sam Raimi (screen story), Ivan Raimi (screen story), Stan Lee (Marvel comic book), Steve Ditko (Marvel comic book)","Tobey Maguire, Kirsten Dunst, James Franco, Thomas Haden Church","A strange black entity from another world bonds with Peter Parker and causes inner turmoil as he contends with new villains, temptations, and revenge.","English, French","USA","Nominated for 1 BAFTA Film Award. Another 3 wins & 32 nominations.","https://images-na.ssl-images-amazon.com/images/M/MV5BYTk3MDljOWQtNGI2My00OTEzLTlhYjQtOTQ4ODM2MzUwY2IwXkEyXkFqcGdeQXVyNTIzOTk5ODM@._V1_SX300.jpg","Internet Movie Database","6.2/10","59","6.2","409,059","tt0413300","movie","N/A","N/A","N/A","N/A","N/A","N/A","N/A","N/A","N/A","N/A","http://www.rottentomatoes.com/m/spiderman_3/","30 Oct 2007","$336,530,303","Sony Pictures","http://www.sonypictures.com/movies/spiderman3/site/","True"
"9","Avengers: Age of Ultron","2015","PG-13","01 May 2015","141 min","Action, Adventure, Sci-Fi","Joss Whedon","Joss Whedon, Stan Lee (based on the Marvel comics by), Jack Kirby (based on the Marvel comics by), Joe Simon (character created by: Captain America), Jack Kirby (character created by: Captain America), Jim Starlin (character created by: Thanos)","Robert Downey Jr., Chris Hemsworth, Mark Ruffalo, Chris Evans","When Tony Stark and Bruce Banner try to jump-start a dormant peacekeeping program called Ultron, things go horribly wrong and it's up to Earth's mightiest heroes to stop the villainous Ultron from enacting his terrible plan.","English","USA","5 wins & 43 nominations.","https://images-na.ssl-images-amazon.com/images/M/MV5BMTM4OGJmNWMtOTM4Ni00NTE3LTg3MDItZmQxYjc4N2JhNmUxXkEyXkFqcGdeQXVyNTgzMDMzMTg@._V1_SX300.jpg","Internet Movie Database","7.4/10","66","7.4","521,903","tt2395427","movie","N/A","N/A","N/A","N/A","N/A","N/A","N/A","N/A","N/A","N/A","http://www.rottentomatoes.com/m/avengers_age_of_ultron/","02 Oct 2015","$429,113,729","Walt Disney Pictures","http://marvel.com/avengers","True"
"10","Captain America: Civil War","2016","PG-13","06 May 2016","147 min","Action, Adventure, Sci-Fi","Anthony Russo, Joe Russo","Christopher Markus (screenplay), Stephen McFeely (screenplay), Joe Simon (based on the Marvel comics by), Jack Kirby (based on the Marvel comics by)","Chris Evans, Robert Downey Jr., Scarlett Johansson, Sebastian Stan","Political interference in the Avengers' activities causes a rift between former allies Captain America and Iron Man.","English, German, Xhosa, Russian, Romanian, Hindi","USA","6 wins & 61 nominations.","https://images-na.ssl-images-amazon.com/images/M/MV5BMjQ0MTgyNjAxMV5BMl5BanBnXkFtZTgwNjUzMDkyODE@._V1_SX300.jpg","Internet Movie Database","7.9/10","75","7.9","417,490","tt3498820","movie","N/A","N/A","N/A","N/A","N/A","N/A","N/A","N/A","N/A","N/A","http://www.rottentomatoes.com/m/captain_america_civil_war/","13 Sep 2016","$408,080,554","Walt Disney Pictures","http://marvel.com/captainamerica#/home","True"
"11","Batman v Superman: Dawn of Justice","2016","PG-13","25 Mar 2016","151 min","Action, Adventure, Sci-Fi","Zack Snyder","Chris Terrio, David S. Goyer, Bob Kane (Batman created by), Bill Finger (Batman created by), Jerry Siegel (Superman created by), Joe Shuster (Superman created by)","Ben Affleck, Henry Cavill, Amy Adams, Jesse Eisenberg","Fearing that the actions of Superman are left unchecked, Batman takes on the Man of Steel, while the world wrestles with what kind of a hero it really needs.","English","USA","12 wins & 29 nominations.","https://images-na.ssl-images-amazon.com/images/M/MV5BYThjYzcyYzItNTVjNy00NDk0LTgwMWQtYjMwNmNlNWJhMzMyXkEyXkFqcGdeQXVyMTQxNzMzNDI@._V1_SX300.jpg","Internet Movie Database","6.7/10","44","6.7","477,874","tt2975590","movie","N/A","N/A","N/A","N/A","N/A","N/A","N/A","N/A","N/A","N/A","http://www.rottentomatoes.com/m/batman_v_superman_dawn_of_justice/","19 Jul 2016","$293,792,936","Warner Bros. Pictures","http://www.facebook.com/batmanvsuperman","True"
"12","The Hobbit: An Unexpected Journey","2012","PG-13","14 Dec 2012","169 min","Adventure, Fantasy","Peter Jackson","Fran Walsh (screenplay), Philippa Boyens (screenplay), Peter Jackson (screenplay), Guillermo del Toro (screenplay), J.R.R. Tolkien (novel)","Ian McKellen, Martin Freeman, Richard Armitage, Ken Stott","A reluctant hobbit, Bilbo Baggins, sets out to the Lonely Mountain with a spirited group of dwarves to reclaim their mountain home - and the gold within it - from the dragon Smaug.","English","USA, New Zealand","Nominated for 3 Oscars. Another 10 wins & 72 nominations.","https://images-na.ssl-images-amazon.com/images/M/MV5BMTcwNTE4MTUxMl5BMl5BanBnXkFtZTcwMDIyODM4OA@@._V1_SX300.jpg","Internet Movie Database","7.9/10","58","7.9","672,505","tt0903624","movie","N/A","N/A","N/A","N/A","N/A","N/A","N/A","N/A","N/A","N/A","http://www.rottentomatoes.com/m/the_hobbit_an_unexpected_journey/","19 Mar 2013","$303,001,229","Warner Bros.","http://www.thehobbit.com/index.html","True"
"13","Harry Potter and the Half-Blood Prince","2009","PG","15 Jul 2009","153 min","Adventure, Family, Fantasy","David Yates","Steve Kloves (screenplay), J.K. Rowling (novel)","Daniel Radcliffe, Michael Gambon, Dave Legeno, Elarica Johnson","As Harry Potter begins his sixth year at Hogwarts, he discovers an old book marked as ""the property of the Half-Blood Prince"" and begins to learn more about Lord Voldemort's dark past.","English","UK, USA","Nominated for 1 Oscar. Another 8 wins & 34 nominations.","https://images-na.ssl-images-amazon.com/images/M/MV5BNzU3NDg4NTAyNV5BMl5BanBnXkFtZTcwOTg2ODg1Mg@@._V1_SX300.jpg","Internet Movie Database","7.5/10","78","7.5","352,477","tt0417741","movie","N/A","N/A","N/A","N/A","N/A","N/A","N/A","N/A","N/A","N/A","http://www.rottentomatoes.com/m/harry_potter_and_the_half_blood_prince/","08 Dec 2009","$301,920,409","Warner Bros. Pictures","http://www.harrypotter.com/","True"
"14","The Hobbit: The Desolation of Smaug","2013","PG-13","13 Dec 2013","161 min","Adventure, Fantasy","Peter Jackson","Fran Walsh (screenplay), Philippa Boyens (screenplay), Peter Jackson (screenplay), Guillermo del Toro (screenplay), J.R.R. Tolkien (novel)","Ian McKellen, Martin Freeman, Richard Armitage, Ken Stott","The dwarves, along with Bilbo Baggins and Gandalf the Grey, continue their quest to reclaim Erebor, their homeland, from Smaug. Bilbo Baggins is in possession of a mysterious and magical ring.","English","USA, New Zealand","Nominated for 3 Oscars. Another 16 wins & 86 nominations.","https://images-na.ssl-images-amazon.com/images/M/MV5BMzU0NDY0NDEzNV5BMl5BanBnXkFtZTgwOTIxNDU1MDE@._V1_SX300.jpg","Internet Movie Database","7.9/10","66","7.9","517,794","tt1170358","movie","N/A","N/A","N/A","N/A","N/A","N/A","N/A","N/A","N/A","N/A","http://www.rottentomatoes.com/m/the_hobbit_the_desolation_of_smaug/","08 Apr 2014","$180,443,783","Warner Bros.","http://www.thehobbit.com/index.html","True"
"15","The Hobbit: The Battle of the Five Armies","2014","PG-13","17 Dec 2014","144 min","Adventure, Fantasy","Peter Jackson","Fran Walsh (screenplay), Philippa Boyens (screenplay), Peter Jackson (screenplay), Guillermo del Toro (screenplay), J.R.R. Tolkien (novel)","Ian McKellen, Martin Freeman, Richard Armitage, Ken Stott","Bilbo and Company are forced to engage in a war against an array of combatants and keep the Lonely Mountain from falling into the hands of a rising darkness.","English","New Zealand, USA","Nominated for 1 Oscar. Another 7 wins & 47 nominations.","https://images-na.ssl-images-amazon.com/images/M/MV5BODAzMDgxMDc1MF5BMl5BanBnXkFtZTgwMTI0OTAzMjE@._V1_SX300.jpg","Internet Movie Database","7.4/10","59","7.4","388,854","tt2310332","movie","N/A","N/A","N/A","N/A","N/A","N/A","N/A","N/A","N/A","N/A","http://www.rottentomatoes.com/m/the_hobbit_the_battle_of_the_five_armies/","24 Mar 2015","$187,747,747","Warner Bros.","http://www.thehobbit.com/","True"
"16","Pirates of the Caribbean: On Stranger Tides","2011","PG-13","20 May 2011","136 min","Action, Adventure, Fantasy","Rob Marshall","Ted Elliott (screenplay), Terry Rossio (screenplay), Ted Elliott (screen story), Terry Rossio (screen story), Ted Elliott (characters), Terry Rossio (characters), Stuart Beattie (characters), Jay Wolpert (characters), Tim Powers (novel)","Johnny Depp, Penélope Cruz, Geoffrey Rush, Ian McShane","Jack Sparrow and Barbossa embark on a quest to find the elusive fountain of youth, only to discover that Blackbeard and his daughter are after it too.","English, Spanish","USA, UK","2 wins & 31 nominations.","https://images-na.ssl-images-amazon.com/images/M/MV5BMjE5MjkwODI3Nl5BMl5BanBnXkFtZTcwNjcwMDk4NA@@._V1_SX300.jpg","Internet Movie Database","6.7/10","45","6.7","399,812","tt1298650","movie","N/A","N/A","N/A","N/A","N/A","N/A","N/A","N/A","N/A","N/A","http://www.rottentomatoes.com/m/pirates_of_the_caribbean_on_stranger_tides/","18 Oct 2011","$241,063,875","Walt Disney Pictures","http://Disney.com/Pirates","True"
"17","Superman Returns","2006","PG-13","28 Jun 2006","154 min","Action, Adventure, Sci-Fi","Bryan Singer","Michael Dougherty (screenplay), Dan Harris (screenplay), Bryan Singer (story), Michael Dougherty (story), Dan Harris (story), Jerry Siegel (characters), Joe Shuster (characters)","Brandon Routh, Kate Bosworth, Kevin Spacey, James Marsden","Superman reappears after a long absence, but is challenged by an old foe who uses Kryptonian technology for world domination.","English, German, French","USA","Nominated for 1 Oscar. Another 12 wins & 39 nominations.","https://images-na.ssl-images-amazon.com/images/M/MV5BMTU3NzA5MjI0Nl5BMl5BanBnXkFtZTcwMTEwNzMzMQ@@._V1_SX300.jpg","Internet Movie Database","6.1/10","72","6.1","247,501","tt0348150","movie","N/A","N/A","N/A","N/A","N/A","N/A","N/A","N/A","N/A","N/A","http://www.rottentomatoes.com/m/superman_returns/","28 Nov 2006","$200,100,000","Warner Bros. Pictures","http://www.supermanreturns.com/","True"
"18","Quantum of Solace","2008","PG-13","14 Nov 2008","106 min","Action, Adventure, Thriller","Marc Forster","Paul Haggis, Neal Purvis, Robert Wade","Daniel Craig, Olga Kurylenko, Mathieu Amalric, Judi Dench","James Bond descends into mystery as he tries to stop a mysterious organization from eliminating a country's most valuable resource. All the while, he still tries to seek revenge over the death of his love.","English, Spanish, Italian, French, Swiss German, German","UK, USA","Nominated for 2 BAFTA Film Awards. Another 4 wins & 30 nominations.","https://images-na.ssl-images-amazon.com/images/M/MV5BMTY0MjI4MDI5MF5BMl5BanBnXkFtZTcwODkwNjk3MQ@@._V1_SX300.jpg","Internet Movie Database","6.6/10","58","6.6","349,358","tt0830515","movie","N/A","N/A","N/A","N/A","N/A","N/A","N/A","N/A","N/A","N/A","http://www.rottentomatoes.com/m/quantum_of_solace/","24 Mar 2009","$168,400,000","Sony/MGM","http://www.007.com/","True"
"19","The Avengers","2012","PG-13","04 May 2012","143 min","Action, Sci-Fi","Joss Whedon","Joss Whedon (screenplay), Zak Penn (story), Joss Whedon (story)","Robert Downey Jr., Chris Evans, Mark Ruffalo, Chris Hemsworth","Earth's mightiest heroes must come together and learn to fight as a team if they are to stop the mischievous Loki and his alien army from enslaving humanity.","English, Russian, Hindi","USA","Nominated for 1 Oscar. Another 37 wins & 79 nominations.","https://images-na.ssl-images-amazon.com/images/M/MV5BMTk2NTI1MTU4N15BMl5BanBnXkFtZTcwODg0OTY0Nw@@._V1_SX300.jpg","Internet Movie Database","8.1/10","69","8.1","1,051,143","tt0848228","movie","N/A","N/A","N/A","N/A","N/A","N/A","N/A","N/A","N/A","N/A","http://www.rottentomatoes.com/m/marvels_the_avengers/","25 Sep 2012","$623,279,547","Walt Disney Pictures","http://marvel.com/avengers_movie","True"
"20","Pirates of the Caribbean: Dead Man's Chest","2006","PG-13","07 Jul 2006","151 min","Action, Adventure, Fantasy","Gore Verbinski","Ted Elliott, Terry Rossio, Ted Elliott (characters), Terry Rossio (characters), Stuart Beattie (characters), Jay Wolpert (characters)","Johnny Depp, Orlando Bloom, Keira Knightley, Jack Davenport","Jack Sparrow races to recover the heart of Davy Jones to avoid enslaving his soul to Jones' service, as other friends and foes seek the heart for their own agenda as well.","English, Turkish, Greek, Mandarin, French","USA","Won 1 Oscar. Another 43 wins & 53 nominations.","https://images-na.ssl-images-amazon.com/images/M/MV5BMTcwODc1MTMxM15BMl5BanBnXkFtZTYwMDg1NzY3._V1_SX300.jpg","Internet Movie Database","7.3/10","53","7.3","559,203","tt0383574","movie","N/A","N/A","N/A","N/A","N/A","N/A","N/A","N/A","N/A","N/A","http://www.rottentomatoes.com/m/pirates_of_the_caribbean_dead_mans_chest/","05 Dec 2006","$423,032,628","Buena Vista","http://pirates.movies.com","True"
"21","Man of Steel","2013","PG-13","14 Jun 2013","143 min","Action, Adventure, Fantasy","Zack Snyder","David S. Goyer (screenplay), David S. Goyer (story), Christopher Nolan (story), Jerry Siegel (Superman created by), Joe Shuster (Superman created by)","Henry Cavill, Amy Adams, Michael Shannon, Diane Lane","Clark Kent, one of the last of an extinguished race disguised as an unremarkable human, is forced to reveal his identity when Earth is invaded by an army of survivors who threaten to bring the planet to the brink of destruction.","English","USA, Canada, UK","7 wins & 46 nominations.","https://images-na.ssl-images-amazon.com/images/M/MV5BMTk5ODk1NDkxMF5BMl5BanBnXkFtZTcwNTA5OTY0OQ@@._V1_SX300.jpg","Internet Movie Database","7.1/10","55","7.1","582,519","tt0770828","movie","N/A","N/A","N/A","N/A","N/A","N/A","N/A","N/A","N/A","N/A","http://www.rottentomatoes.com/m/superman_man_of_steel/","12 Nov 2013","$291,021,565","Warner Bros. Pictures","http://manofsteel.warnerbros.com","True"
"22","The Chronicles of Narnia: Prince Caspian","2008","PG","16 May 2008","150 min","Action, Adventure, Family","Andrew Adamson","Andrew Adamson (screenplay), Christopher Markus (screenplay), Stephen McFeely (screenplay), C.S. Lewis (novel)","Ben Barnes, Georgie Henley, Skandar Keynes, William Moseley","The Pevensie siblings return to Narnia, where they are enlisted to once again help ward off an evil king and restore the rightful heir to the land's throne, Prince Caspian.","English","USA, Poland, Slovenia, Czech Republic","2 wins & 19 nominations.","https://images-na.ssl-images-amazon.com/images/M/MV5BMTIwOTA4NTE4Ml5BMl5BanBnXkFtZTcwOTI2NTg1MQ@@._V1_SX300.jpg","Internet Movie Database","6.6/10","62","6.6","160,107","tt0499448","movie","N/A","N/A","N/A","N/A","N/A","N/A","N/A","N/A","N/A","N/A","http://www.rottentomatoes.com/m/chronicles_of_narnia_prince_caspian/","02 Dec 2008","$141,614,023","Walt Disney Pictures","http://narnia.com/","True"
"23","The Amazing Spider-Man","2012","PG-13","03 Jul 2012","136 min","Action, Adventure","Marc Webb","James Vanderbilt (screenplay), Alvin Sargent (screenplay), Steve Kloves (screenplay), James Vanderbilt (story), Stan Lee (based on the Marvel comic book by), Steve Ditko (based on the Marvel comic book by)","Andrew Garfield, Emma Stone, Rhys Ifans, Denis Leary","After Peter Parker is bitten by a genetically altered spider, he gains newfound, spider-like powers and ventures out to solve the mystery of his parent's mysterious death.","English","USA","2 wins & 31 nominations.","https://images-na.ssl-images-amazon.com/images/M/MV5BMjMyOTM4MDMxNV5BMl5BanBnXkFtZTcwNjIyNzExOA@@._V1_SX300.jpg","Internet Movie Database","7.0/10","66","7.0","476,542","tt0948470","movie","N/A","N/A","N/A","N/A","N/A","N/A","N/A","N/A","N/A","N/A","http://www.rottentomatoes.com/m/the_amazing_spider_man/","09 Nov 2012","$262,030,663","Sony Pictures","http://www.theamazingspiderman.com/site/","True"
"24","Jurassic World","2015","PG-13","12 Jun 2015","124 min","Action, Adventure, Sci-Fi","Colin Trevorrow","Rick Jaffa (screenplay), Amanda Silver (screenplay), Colin Trevorrow (screenplay), Derek Connolly (screenplay), Rick Jaffa (story), Amanda Silver (story), Michael Crichton (characters)","Chris Pratt, Bryce Dallas Howard, Irrfan Khan, Vincent D'Onofrio","A new theme park, built on the original site of Jurassic Park, creates a genetically modified hybrid dinosaur, which escapes containment and goes on a killing spree.","English","USA","6 wins & 54 nominations.","https://images-na.ssl-images-amazon.com/images/M/MV5BNWEyNTE0YTEtY2FkMi00MmY3LTg4MWMtODdjYjRkNGM4ZTZhXkEyXkFqcGdeQXVyMzI0NDc4ODY@._V1_SX300.jpg","Internet Movie Database","7.0/10","59","7.0","458,076","tt0369610","movie","N/A","N/A","N/A","N/A","N/A","N/A","N/A","N/A","N/A","N/A","http://www.rottentomatoes.com/m/jurassic_world/","20 Oct 2015","$528,757,749","Universal Pictures","http://www.jurassicworldmovie.com/","True"
"25","Men in Black 3","2012","PG-13","25 May 2012","106 min","Action, Adventure, Comedy","Barry Sonnenfeld","Etan Cohen, Lowell Cunningham (based on the Malibu comic by)","Will Smith, Tommy Lee Jones, Josh Brolin, Jemaine Clement","Agent J travels in time to M.I.B.'s early days in 1969 to stop an alien from assassinating his friend Agent K and changing history.","English, Ukrainian","USA","1 win & 13 nominations.","https://images-na.ssl-images-amazon.com/images/M/MV5BMTU2NTYxODcwMF5BMl5BanBnXkFtZTcwNDk1NDY0Nw@@._V1_SX300.jpg","Internet Movie Database","6.8/10","58","6.8","279,891","tt1409024","movie","N/A","N/A","N/A","N/A","N/A","N/A","N/A","N/A","N/A","N/A","http://www.rottentomatoes.com/m/men_in_black_iii/","30 Nov 2012","$179,020,854","Sony Pictures","http://www.meninblack.com/","True"
"26","Transformers: Revenge of the Fallen","2009","PG-13","24 Jun 2009","150 min","Action, Adventure, Sci-Fi","Michael Bay","Ehren Kruger, Roberto Orci, Alex Kurtzman","Shia LaBeouf, Megan Fox, Josh Duhamel, Tyrese Gibson","Sam Witwicky leaves the Autobots behind for a normal life. But when his mind is filled with cryptic symbols, the Decepticons target him and he is dragged back into the Transformers' war.","English, Spanish","USA","Nominated for 1 Oscar. Another 15 wins & 27 nominations.","https://images-na.ssl-images-amazon.com/images/M/MV5BNjk4OTczOTk0NF5BMl5BanBnXkFtZTcwNjQ0NzMzMw@@._V1_SX300.jpg","Internet Movie Database","6.0/10","35","6.0","338,892","tt1055369","movie","N/A","N/A","N/A","N/A","N/A","N/A","N/A","N/A","N/A","N/A","http://www.rottentomatoes.com/m/transformers_revenge_of_the_fallen/","20 Oct 2009","$402,076,689","Paramount/Dreamworks","http://www.TransformersMovie.com/","True"
"27","Transformers: Age of Extinction","2014","PG-13","27 Jun 2014","165 min","Action, Adventure, Sci-Fi","Michael Bay","Ehren Kruger","Mark Wahlberg, Stanley Tucci, Kelsey Grammer, Nicola Peltz","Autobots must escape sight from a bounty hunter who has taken control of the human serendipity: Unexpectedly, Optimus Prime and his remaining gang turn to a mechanic, his daughter, and her back street racing boyfriend for help.","English","USA, China","5 wins & 23 nominations.","https://images-na.ssl-images-amazon.com/images/M/MV5BMjE1OTMyODA5M15BMl5BanBnXkFtZTgwMjc2MDk3MTE@._V1_SX300.jpg","Internet Movie Database","5.7/10","32","5.7","259,617","tt2109248","movie","N/A","N/A","N/A","N/A","N/A","N/A","N/A","N/A","N/A","N/A","http://www.rottentomatoes.com/m/transformers_age_of_extinction/","30 Sep 2014","$206,755,538","Paramount Pictures","http://TransformersMovie.com","True"
"28","X-Men: The Last Stand","2006","PG-13","26 May 2006","104 min","Action, Adventure, Fantasy","Brett Ratner","Simon Kinberg, Zak Penn","Hugh Jackman, Halle Berry, Ian McKellen, Patrick Stewart","When a cure is found to treat mutations, lines are drawn amongst the X-Men, led by Professor Charles Xavier, and the Brotherhood, a band of powerful mutants organized under Xavier's former ally, Magneto.","English","Canada, USA, UK","7 wins & 37 nominations.","https://images-na.ssl-images-amazon.com/images/M/MV5BMjI1NTg2ODA2Nl5BMl5BanBnXkFtZTcwMDc2MjEzMw@@._V1_SX300.jpg","Internet Movie Database","6.7/10","58","6.7","408,372","tt0376994","movie","N/A","N/A","N/A","N/A","N/A","N/A","N/A","N/A","N/A","N/A","http://www.rottentomatoes.com/m/x_men_3_the_last_stand/","03 Oct 2006","$234,300,000","20th Century Fox","http://www.x-menthelaststand.com/","True"
"29","Robin Hood","2010","PG-13","14 May 2010","140 min","Action, Adventure, Drama","Ridley Scott","Brian Helgeland (screenplay), Brian Helgeland (story), Ethan Reiff (story), Cyrus Voris (story)","Russell Crowe, Cate Blanchett, Max von Sydow, William Hurt","In 12th century England, Robin and his band of marauders confront corruption in a local village and lead an uprising against the crown that will forever alter the balance of world power.","English, French, Ukrainian","USA, UK","1 win & 14 nominations.","https://images-na.ssl-images-amazon.com/images/M/MV5BMTM5NzcwMzEwOF5BMl5BanBnXkFtZTcwNjg5MTgwMw@@._V1_SX300.jpg","Internet Movie Database","6.7/10","53","6.7","221,762","tt0955308","movie","N/A","N/A","N/A","N/A","N/A","N/A","N/A","N/A","N/A","N/A","http://www.rottentomatoes.com/m/robin_hood_2010/","21 Sep 2010","$105,219,735","Universal","http://www.robinhoodthemovie.com/","True"
"30","Battleship","2012","PG-13","18 May 2012","131 min","Action, Adventure, Sci-Fi","Peter Berg","Jon Hoeber, Erich Hoeber","Taylor Kitsch, Alexander Skarsgård, Rihanna, Brooklyn Decker","A fleet of ships is forced to do battle with an armada of unknown origins in order to discover and thwart their destructive goals.","English, Japanese","USA","4 wins & 15 nominations.","https://images-na.ssl-images-amazon.com/images/M/MV5BMjI5NTM5MDA2N15BMl5BanBnXkFtZTcwNjkwMzQxNw@@._V1_SX300.jpg","Internet Movie Database","5.8/10","41","5.8","210,806","tt1440129","movie","N/A","N/A","N/A","N/A","N/A","N/A","N/A","N/A","N/A","N/A","http://www.rottentomatoes.com/m/battleship/","28 Aug 2012","$65,173,160","Universal","http://www.battleshipmovie.com/","True"
"31","The Golden Compass","2007","PG-13","07 Dec 2007","113 min","Adventure, Family, Fantasy","Chris Weitz","Chris Weitz (screenplay), Philip Pullman (novel)","Nicole Kidman, Daniel Craig, Dakota Blue Richards, Ben Walker","In a parallel universe, young Lyra Belacqua journeys to the far North to save her best friend and other kidnapped children from terrible experiments by a mysterious organization.","English, Icelandic, Russian, French","UK, USA","Won 1 Oscar. Another 6 wins & 32 nominations.","https://images-na.ssl-images-amazon.com/images/M/MV5BMTM2NDkxMjQxMV5BMl5BanBnXkFtZTYwNTMxMDM4._V1_SX300.jpg","Internet Movie Database","6.1/10","51","6.1","155,661","tt0385752","movie","N/A","N/A","N/A","N/A","N/A","N/A","N/A","N/A","N/A","N/A","http://www.rottentomatoes.com/m/his_dark_materials_the_golden_compass/","29 Apr 2008","$70,100,000","New Line Cinema","http://www.goldencompassmovie.com/","True"
"32","King Kong","2005","PG-13","14 Dec 2005","187 min","Action, Adventure, Drama","Peter Jackson","Fran Walsh (screenplay), Philippa Boyens (screenplay), Peter Jackson (screenplay), Merian C. Cooper (based on a story by), Edgar Wallace (based on a story by)","Naomi Watts, Jack Black, Adrien Brody, Thomas Kretschmann","A movie crew, travelling to a mysterious island to shoot their picture, encounter a furious gorilla, taking their leading actress and forming a special relationship with her, protecting her at all costs.","English","New Zealand, USA, Germany","Won 3 Oscars. Another 43 wins & 100 nominations.","https://images-na.ssl-images-amazon.com/images/M/MV5BMjYxYmRlZWYtMzAwNC00MDA1LWJjNTItOTBjMzlhNGMzYzk3XkEyXkFqcGdeQXVyMTQxNzMzNDI@._V1_SX300.jpg","Internet Movie Database","7.2/10","81","7.2","336,252","tt0360717","movie","N/A","N/A","N/A","N/A","N/A","N/A","N/A","N/A","N/A","N/A","http://www.rottentomatoes.com/m/king_kong/","28 Mar 2006","$218,100,000","Universal Pictures","http://www.kingkongmovie.com/","True"
"33","Titanic","1997","PG-13","19 Dec 1997","194 min","Drama, Romance","James Cameron","James Cameron","Leonardo DiCaprio, Kate Winslet, Billy Zane, Kathy Bates","A seventeen-year-old aristocrat falls in love with a kind but poor artist aboard the luxurious, ill-fated R.M.S. Titanic.","English, Swedish","USA","Won 11 Oscars. Another 110 wins & 74 nominations.","https://images-na.ssl-images-amazon.com/images/M/MV5BMDdmZGU3NDQtY2E5My00ZTliLWIzOTUtMTY4ZGI1YjdiNjk3XkEyXkFqcGdeQXVyNTA4NzY1MzY@._V1_SX300.jpg","Internet Movie Database","7.7/10","74","7.7","847,267","tt0120338","movie","N/A","N/A","N/A","N/A","N/A","N/A","N/A","N/A","N/A","N/A","http://www.rottentomatoes.com/m/titanic/","10 Sep 2012","N/A","Paramount Pictures","http://www.titanicmovie.com/","True"
"34","Toy Story 3","2010","G","18 Jun 2010","103 min","Animation, Adventure, Comedy","Lee Unkrich","John Lasseter (story by), Andrew Stanton (story by), Lee Unkrich (story by), Michael Arndt (screenplay)","Tom Hanks, Tim Allen, Joan Cusack, Ned Beatty","The toys are mistakenly delivered to a day-care center instead of the attic right before Andy leaves for college, and it's up to Woody to convince the other toys that they weren't abandoned and to return home.","English, Spanish","USA","Won 2 Oscars. Another 59 wins & 91 nominations.","https://images-na.ssl-images-amazon.com/images/M/MV5BMTgxOTY4Mjc0MF5BMl5BanBnXkFtZTcwNTA4MDQyMw@@._V1_SX300.jpg","Internet Movie Database","8.3/10","92","8.3","589,975","tt0435761","movie","N/A","N/A","N/A","N/A","N/A","N/A","N/A","N/A","N/A","N/A","http://www.rottentomatoes.com/m/toy_story_3/","02 Nov 2010","$414,984,497","Walt Disney Pictures","http://www.disney.com/ToyStory","True"
"35","Iron Man 3","2013","PG-13","03 May 2013","130 min","Action, Adventure, Sci-Fi","Shane Black","Drew Pearce (screenplay), Shane Black (screenplay), Stan Lee (based on the Marvel comic book by), Don Heck (based on the Marvel comic book by), Larry Lieber (based on the Marvel comic book by), Jack Kirby (based on the Marvel comic book by), Warren Ellis (based on the ""Extremis"" mini-series written by), Adi Granov (based on the ""Extremis"" mini-series illustrated by)","Robert Downey Jr., Gwyneth Paltrow, Don Cheadle, Guy Pearce","When Tony Stark's world is torn apart by a formidable terrorist called the Mandarin, he starts an odyssey of rebuilding and retribution.","English","China, USA","Nominated for 1 Oscar. Another 17 wins & 61 nominations.","https://images-na.ssl-images-amazon.com/images/M/MV5BMTkzMjEzMjY1M15BMl5BanBnXkFtZTcwNTMxOTYyOQ@@._V1_SX300.jpg","Internet Movie Database","7.2/10","62","7.2","594,224","tt1300854","movie","N/A","N/A","N/A","N/A","N/A","N/A","N/A","N/A","N/A","N/A","http://www.rottentomatoes.com/m/iron_man_3/","24 Sep 2013","$408,992,272","Walt Disney Pictures","http://IronManMovie3.com","True"
"36","Spider-Man 2","2004","PG-13","30 Jun 2004","127 min","Action, Adventure","Sam Raimi","Stan Lee (comic book), Steve Ditko (comic book), Alfred Gough (screen story), Miles Millar (screen story), Michael Chabon (screen story), Alvin Sargent (screenplay)","Tobey Maguire, Kirsten Dunst, James Franco, Alfred Molina","Peter Parker is beset with troubles in his failing personal life as he battles a brilliant scientist named Doctor Otto Octavius.","English, Russian, Chinese","USA","Won 1 Oscar. Another 23 wins & 59 nominations.","https://images-na.ssl-images-amazon.com/images/M/MV5BMzY2ODk4NmUtOTVmNi00ZTdkLTlmOWYtMmE2OWVhNTU2OTVkXkEyXkFqcGdeQXVyMTQxNzMzNDI@._V1_SX300.jpg","Internet Movie Database","7.3/10","83","7.3","441,321","tt0316654","movie","N/A","N/A","N/A","N/A","N/A","N/A","N/A","N/A","N/A","N/A","http://www.rottentomatoes.com/m/spiderman_2/","30 Nov 2004","$373,377,893","Sony Pictures","http://spiderman.sonypictures.com/","True"
"37","Alice in Wonderland","2010","PG","05 Mar 2010","108 min","Adventure, Family, Fantasy","Tim Burton","Linda Woolverton (screenplay), Lewis Carroll (books)","Johnny Depp, Mia Wasikowska, Helena Bonham Carter, Anne Hathaway","Nineteen-year-old Alice returns to the magical world from her childhood adventure, where she reunites with her old friends and learns of her true destiny: to end the Red Queen's reign of terror.","English","USA","Won 2 Oscars. Another 32 wins & 63 nominations.","https://images-na.ssl-images-amazon.com/images/M/MV5BMTMwNjAxMTc0Nl5BMl5BanBnXkFtZTcwODc3ODk5Mg@@._V1_SX300.jpg","Internet Movie Database","6.5/10","53","6.5","326,704","tt1014759","movie","N/A","N/A","N/A","N/A","N/A","N/A","N/A","N/A","N/A","N/A","http://www.rottentomatoes.com/m/1221547-alice_in_wonderland/","01 Jun 2010","$319,323,000","Walt Disney Pictures","http://disney.go.com/disneypictures/aliceinwonderland/","True"
"38","Skyfall","2012","PG-13","09 Nov 2012","143 min","Action, Adventure, Thriller","Sam Mendes","Neal Purvis, Robert Wade, John Logan","Daniel Craig, Judi Dench, Javier Bardem, Ralph Fiennes","Bond's loyalty to M is tested when her past comes back to haunt her. Whilst MI6 comes under attack, 007 must track down and destroy the threat, no matter how personal the cost.","English","UK, USA","Won 2 Oscars. Another 65 wins & 119 nominations.","https://images-na.ssl-images-amazon.com/images/M/MV5BNDVhZmJiYWMtNmIzMC00ZWNiLTkzZDYtNGNlZmViMGM4OGExXkEyXkFqcGdeQXVyNTIzOTk5ODM@._V1_SX300.jpg","Internet Movie Database","7.8/10","81","7.8","549,749","tt1074638","movie","N/A","N/A","N/A","N/A","N/A","N/A","N/A","N/A","N/A","N/A","http://www.rottentomatoes.com/m/skyfall/","11 Mar 2013","$299,300,000","MGM","http://www.007.com","True"
"39","Monsters University","2013","G","21 Jun 2013","104 min","Animation, Adventure, Comedy","Dan Scanlon","Dan Scanlon (story by), Daniel Gerson (story by), Robert L. Baird (story by), Daniel Gerson (screenplay), Robert L. Baird (screenplay), Dan Scanlon (screenplay)","Billy Crystal, John Goodman, Steve Buscemi, Helen Mirren","A look at the relationship between Mike and Sulley during their days at Monsters University -- when they weren't necessarily the best of friends.","English","USA","Nominated for 1 BAFTA Film Award. Another 9 wins & 56 nominations.","https://images-na.ssl-images-amazon.com/images/M/MV5BMTUyODgwMDU3M15BMl5BanBnXkFtZTcwOTM4MjcxOQ@@._V1_SX300.jpg","Internet Movie Database","7.3/10","65","7.3","252,925","tt1453405","movie","N/A","N/A","N/A","N/A","N/A","N/A","N/A","N/A","N/A","N/A","http://www.rottentomatoes.com/m/monsters_university/","29 Oct 2013","$260,300,000","Walt Disney Pictures","http://www.disney.com/MonstersUniversity","True"
"40","Oz the Great and Powerful","2013","PG","08 Mar 2013","130 min","Adventure, Family, Fantasy","Sam Raimi","Mitchell Kapner (screenplay), David Lindsay-Abaire (screenplay), Mitchell Kapner (screen story), L. Frank Baum (""Oz"" works)","James Franco, Mila Kunis, Rachel Weisz, Michelle Williams","A frustrated circus magician from Kansas is transported to a magical land called Oz, where he will have to fulfill a prophecy to become the king, and release the land from the Wicked Witches using his great (but fake) powers.","English","USA","5 wins & 31 nominations.","https://images-na.ssl-images-amazon.com/images/M/MV5BMjMyMzQ1ODM1MF5BMl5BanBnXkFtZTcwMjE2MTQxOQ@@._V1_SX300.jpg","Internet Movie Database","6.3/10","44","6.3","182,005","tt1623205","movie","N/A","N/A","N/A","N/A","N/A","N/A","N/A","N/A","N/A","N/A","http://www.rottentomatoes.com/m/oz_the_great_and_powerful/","11 Jun 2013","$234,903,076","Walt Disney Pictures","http://disney.go.com/thewizard/","True"
"41","X-Men: Days of Future Past","2014","PG-13","23 May 2014","132 min","Action, Adventure, Sci-Fi","Bryan Singer","Simon Kinberg (screenplay), Jane Goldman (story by), Simon Kinberg (story by), Matthew Vaughn (story by)","Hugh Jackman, James McAvoy, Michael Fassbender, Jennifer Lawrence","The X-Men send Wolverine to the past in a desperate effort to change history and prevent an event that results in doom for both humans and mutants.","English, Vietnamese, French","USA, UK, Canada","Nominated for 1 Oscar. Another 15 wins & 46 nominations.","https://images-na.ssl-images-amazon.com/images/M/MV5BZGIzNWYzN2YtMjcwYS00YjQ3LWI2NjMtOTNiYTUyYjE2MGNkXkEyXkFqcGdeQXVyMTQxNzMzNDI@._V1_SX300.jpg","Internet Movie Database","8.0/10","74","8.0","557,975","tt1877832","movie","N/A","N/A","N/A","N/A","N/A","N/A","N/A","N/A","N/A","N/A","http://www.rottentomatoes.com/m/x_men_days_of_future_past/","14 Oct 2014","$199,305,306","20th Century Fox","http://www.x-menmovies.com/","True"
"42","The Amazing Spider-Man 2","2014","PG-13","02 May 2014","142 min","Action, Adventure, Sci-Fi","Marc Webb","Alex Kurtzman (screenplay), Roberto Orci (screenplay), Jeff Pinkner (screenplay), Alex Kurtzman (screen story), Roberto Orci (screen story), Jeff Pinkner (screen story), James Vanderbilt (screen story), Stan Lee (Marvel comic book), Steve Ditko (Marvel comic book)","Andrew Garfield, Emma Stone, Jamie Foxx, Dane DeHaan","When New York is put under siege by Oscorp, it is up to Spider-Man to save the city he swore to protect as well as his loved ones.","English","USA","3 wins & 29 nominations.","https://images-na.ssl-images-amazon.com/images/M/MV5BOTA5NDYxNTg0OV5BMl5BanBnXkFtZTgwODE5NzU1MTE@._V1_SX300.jpg","Internet Movie Database","6.7/10","53","6.7","344,178","tt1872181","movie","N/A","N/A","N/A","N/A","N/A","N/A","N/A","N/A","N/A","N/A","http://www.rottentomatoes.com/m/the_amazing_spider_man_2/","19 Aug 2014","$183,277,573","Sony Pictures","http://www.theamazingspiderman.com/site/","True"
"43","Cars 2","2011","G","24 Jun 2011","106 min","Animation, Adventure, Comedy","John Lasseter, Brad Lewis","John Lasseter (original story by), Brad Lewis (original story by), Dan Fogelman (original story by), Ben Queen (screenplay)","Larry the Cable Guy, Owen Wilson, Michael Caine, Emily Mortimer","Star race car Lightning McQueen and his pal Mater head overseas to compete in the World Grand Prix race. But the road to the championship becomes rocky as Mater gets caught up in an intriguing adventure of his own: international espionage.","English, Japanese, Italian, French","USA","Nominated for 1 Golden Globe. Another 1 win & 18 nominations.","https://images-na.ssl-images-amazon.com/images/M/MV5BMTUzNTc3MTU3M15BMl5BanBnXkFtZTcwMzIxNTc3NA@@._V1_SX300.jpg","Internet Movie Database","6.2/10","57","6.2","111,475","tt1216475","movie","N/A","N/A","N/A","N/A","N/A","N/A","N/A","N/A","N/A","N/A","http://www.rottentomatoes.com/m/cars_2/","01 Nov 2011","$191,450,875","Walt Disney Pictures/PIXAR","http://disney.go.com/cars/","True"
"44","TRON: Legacy","2010","PG","17 Dec 2010","125 min","Action, Adventure, Sci-Fi","Joseph Kosinski","Edward Kitsis (screenplay), Adam Horowitz (screenplay), Edward Kitsis (story), Adam Horowitz (story), Brian Klugman (story), Lee Sternthal (story), Steven Lisberger (characters), Bonnie MacBird (characters)","Jeff Bridges, Garrett Hedlund, Olivia Wilde, Bruce Boxleitner","The son of a virtual world designer goes looking for his father and ends up inside the digital world that his father designed. He meets his father's corrupted creation and a unique ally who was born inside the digital world.","English","USA","Nominated for 1 Oscar. Another 10 wins & 49 nominations.","https://images-na.ssl-images-amazon.com/images/M/MV5BMTk4NTk4MTk1OF5BMl5BanBnXkFtZTcwNTE2MDIwNA@@._V1_SX300.jpg","Internet Movie Database","6.8/10","49","6.8","274,675","tt1104001","movie","N/A","N/A","N/A","N/A","N/A","N/A","N/A","N/A","N/A","N/A","http://www.rottentomatoes.com/m/10011582-TRON_legacy/","05 Apr 2011","$172,051,787","Walt Disney Pictures","http://Disney.com/TRON","True"
"45","2012","2009","PG-13","13 Nov 2009","158 min","Action, Adventure, Sci-Fi","Roland Emmerich","Roland Emmerich, Harald Kloser","John Cusack, Amanda Peet, Chiwetel Ejiofor, Thandie Newton","A frustrated writer struggles to keep his family alive when a series of global catastrophes threatens to annihilate mankind.","English, French, Tibetan, Mandarin, Russian, Hindi, Portuguese, Latin, Italian","USA","5 wins & 20 nominations.","https://images-na.ssl-images-amazon.com/images/M/MV5BMTY0MjEyODQzMF5BMl5BanBnXkFtZTcwMTczMjQ4Mg@@._V1_SX300.jpg","Internet Movie Database","5.8/10","49","5.8","298,869","tt1190080","movie","N/A","N/A","N/A","N/A","N/A","N/A","N/A","N/A","N/A","N/A","http://www.rottentomatoes.com/m/2012/","02 Mar 2010","$166,112,167","Sony Pictures/Columbia","http://www.whowillsurvive2012.com/","True"
"46","Terminator Salvation","2009","PG-13","21 May 2009","115 min","Action, Adventure, Drama","McG","John Brancato, Michael Ferris","Christian Bale, Sam Worthington, Moon Bloodgood, Helena Bonham Carter","In 2018, a mysterious new weapon in the war against the machines, half-human and half-machine, comes to John Connor on the eve of a resistance attack on Skynet. But whose side is he on, and can he be trusted?","English, Italian","USA, Germany, UK, Italy","2 wins & 13 nominations.","https://images-na.ssl-images-amazon.com/images/M/MV5BODE1MTM1MzA2NF5BMl5BanBnXkFtZTcwODQ5MTA2Mg@@._V1_SX300.jpg","Internet Movie Database","6.6/10","49","6.6","298,070","tt0438488","movie","N/A","N/A","N/A","N/A","N/A","N/A","N/A","N/A","N/A","N/A","http://www.rottentomatoes.com/m/terminator_4/","01 Dec 2009","$125,286,889","Warner Bros. Pictures","http://www.terminatorsalvation.com/","True"
"47","Green Lantern","2011","PG-13","17 Jun 2011","114 min","Action, Adventure, Sci-Fi","Martin Campbell","Greg Berlanti (screenplay), Michael Green (screenplay), Marc Guggenheim (screenplay), Michael Goldenberg (screenplay), Greg Berlanti (screen story), Michael Green (screen story), Marc Guggenheim (screen story)","Ryan Reynolds, Blake Lively, Peter Sarsgaard, Mark Strong","Reckless test pilot Hal Jordan is granted an alien ring that bestows him with otherworldly powers that inducts him into an intergalactic police force, the Green Lantern Corps.","English","USA","3 wins & 5 nominations.","https://images-na.ssl-images-amazon.com/images/M/MV5BMTMyMTg3OTM5Ml5BMl5BanBnXkFtZTcwNzczMjEyNQ@@._V1_SX300.jpg","Internet Movie Database","5.6/10","39","5.6","232,727","tt1133985","movie","N/A","N/A","N/A","N/A","N/A","N/A","N/A","N/A","N/A","N/A","http://www.rottentomatoes.com/m/770677993/","14 Oct 2011","$116,600,000","Warner Bros. Pictures","http://greenlanternmovie.warnerbros.com/","True"
"48","Prince of Persia: The Sands of Time","2010","PG-13","28 May 2010","116 min","Action, Adventure, Fantasy","Mike Newell","Boaz Yakin (screenplay), Doug Miro (screenplay), Carlo Bernard (screenplay), Jordan Mechner (screen story), Jordan Mechner (video game series ""Prince of Persia"")","Jake Gyllenhaal, Gemma Arterton, Ben Kingsley, Alfred Molina","A young fugitive prince and princess must stop a villain who unknowingly threatens to destroy the world with a special dagger that enables the magic sand inside to reverse time.","English","USA","1 win & 10 nominations.","https://images-na.ssl-images-amazon.com/images/M/MV5BMTMwNDg0NzcyMV5BMl5BanBnXkFtZTcwNjg4MjQyMw@@._V1_SX300.jpg","Internet Movie Database","6.6/10","50","6.6","234,781","tt0473075","movie","N/A","N/A","N/A","N/A","N/A","N/A","N/A","N/A","N/A","N/A","http://www.rottentomatoes.com/m/prince_of_persia_sands_of_time/","14 Sep 2010","$90,755,643","Walt Disney Pictures","http://Disney.com/PrinceOfPersia","True"
"49","Transformers: Dark of the Moon","2011","PG-13","29 Jun 2011","154 min","Action, Adventure, Sci-Fi","Michael Bay","Ehren Kruger","Shia LaBeouf, Rosie Huntington-Whiteley, Josh Duhamel, John Turturro","The Autobots learn of a Cybertronian spacecraft hidden on the moon, and race against the Decepticons to reach it and to learn its secrets.","English","USA","Nominated for 3 Oscars. Another 10 wins & 39 nominations.","https://images-na.ssl-images-amazon.com/images/M/MV5BMTkwOTY0MTc1NV5BMl5BanBnXkFtZTcwMDQwNjA2NQ@@._V1_SX300.jpg","Internet Movie Database","6.3/10","42","6.3","339,695","tt1399103","movie","N/A","N/A","N/A","N/A","N/A","N/A","N/A","N/A","N/A","N/A","http://www.rottentomatoes.com/m/transformers_dark_of_the_moon/","30 Sep 2011","$352,358,779","Paramount Studios","http://www.TransformersMovie.com/","True"
"50","Jack the Giant Slayer","2013","PG-13","01 Mar 2013","114 min","Adventure, Fantasy","Bryan Singer","Darren Lemke (screenplay), Christopher McQuarrie (screenplay), Dan Studney (screenplay), Darren Lemke (story), David Dobkin (story)","Nicholas Hoult, Eleanor Tomlinson, Ewan McGregor, Stanley Tucci","The ancient war between humans and a race of giants is reignited when Jack, a young farmhand fighting for a kingdom and the love of a princess, opens a gateway between the two worlds.","English","USA","1 win & 4 nominations.","https://images-na.ssl-images-amazon.com/images/M/MV5BMjE1NDMxMjI0OV5BMl5BanBnXkFtZTcwMjQyMDExOQ@@._V1_SX300.jpg","Internet Movie Database","6.3/10","51","6.3","112,414","tt1351685","movie","N/A","N/A","N/A","N/A","N/A","N/A","N/A","N/A","N/A","N/A","http://www.rottentomatoes.com/m/jack_the_giant_slayer/","18 Jun 2013","$65,171,860","Warner Bros.","http://jackthegiantslayer.warnerbros.com/","True"
"51","Furious 7","2015","PG-13","03 Apr 2015","137 min","Action, Crime, Thriller","James Wan","Chris Morgan, Gary Scott Thompson (characters)","Vin Diesel, Paul Walker, Jason Statham, Michelle Rodriguez","Deckard Shaw seeks revenge against Dominic Toretto and his family for his comatose brother.","English","USA, Japan","Nominated for 1 Golden Globe. Another 24 wins & 27 nominations.","https://images-na.ssl-images-amazon.com/images/M/MV5BMTQxOTA2NDUzOV5BMl5BanBnXkFtZTgwNzY2MTMxMzE@._V1_SX300.jpg","Internet Movie Database","7.2/10","67","7.2","304,124","tt2820852","movie","N/A","N/A","N/A","N/A","N/A","N/A","N/A","N/A","N/A","N/A","http://www.rottentomatoes.com/m/furious_7/","15 Sep 2015","$316,986,481","Universal Pictures","http://www.furious7.com/","True"
"52","Star Trek Into Darkness","2013","PG-13","16 May 2013","132 min","Action, Adventure, Sci-Fi","J.J. Abrams","Roberto Orci, Alex Kurtzman, Damon Lindelof, Gene Roddenberry (television series ""Star Trek"")","Chris Pine, Zachary Quinto, Zoe Saldana, Karl Urban","After the crew of the Enterprise find an unstoppable force of terror from within their own organization, Captain Kirk leads a manhunt to a war-zone world to capture a one-man weapon of mass destruction.","English, Klingon","USA","Nominated for 1 Oscar. Another 6 wins & 56 nominations.","https://images-na.ssl-images-amazon.com/images/M/MV5BMTk2NzczOTgxNF5BMl5BanBnXkFtZTcwODQ5ODczOQ@@._V1_SX300.jpg","Internet Movie Database","7.8/10","72","7.8","419,560","tt1408101","movie","N/A","N/A","N/A","N/A","N/A","N/A","N/A","N/A","N/A","N/A","http://www.rottentomatoes.com/m/star_trek_into_darkness/","10 Sep 2013","$228,756,232","Paramount","http://www.startrekmovie.com/","True"
"53","World War Z","2013","PG-13","21 Jun 2013","116 min","Action, Adventure, Horror","Marc Forster","Matthew Michael Carnahan (screenplay), Drew Goddard (screenplay), Damon Lindelof (screenplay), Matthew Michael Carnahan (screen story), J. Michael Straczynski (screen story), Max Brooks (based on the novel by)","Brad Pitt, Mireille Enos, Daniella Kertesz, James Badge Dale","Former United Nations employee Gerry Lane traverses the world in a race against time to stop the Zombie pandemic that is toppling armies and governments, and threatening to destroy humanity itself.","English, Spanish, Hebrew, Arabic","USA","3 wins & 24 nominations.","https://images-na.ssl-images-amazon.com/images/M/MV5BMTg0NTgxMjIxOF5BMl5BanBnXkFtZTcwMDM0MDY1OQ@@._V1_SX300.jpg","Internet Movie Database","7.0/10","63","7.0","497,654","tt0816711","movie","N/A","N/A","N/A","N/A","N/A","N/A","N/A","N/A","N/A","N/A","http://www.rottentomatoes.com/m/world-war-z/","17 Sep 2013","$202,351,611","Paramount Pictures","http://tinyurl.com/oo4f7jj","True"
"54","The Great Gatsby","2013","PG-13","10 May 2013","143 min","Drama, Romance","Baz Luhrmann","Baz Luhrmann (screenplay), Craig Pearce (screenplay), F. Scott Fitzgerald (based on the novel by)","Lisa Adam, Frank Aldridge, Amitabh Bachchan, Steve Bisley","A writer and wall street trader, Nick, finds himself drawn to the past and lifestyle of his millionaire neighbor, Jay Gatsby.","English","Australia, USA","Won 2 Oscars. Another 47 wins & 83 nominations.","https://images-na.ssl-images-amazon.com/images/M/MV5BMTkxNTk1ODcxNl5BMl5BanBnXkFtZTcwMDI1OTMzOQ@@._V1_SX300.jpg","Internet Movie Database","7.3/10","55","7.3","387,343","tt1343092","movie","N/A","N/A","N/A","N/A","N/A","N/A","N/A","N/A","N/A","N/A","http://www.rottentomatoes.com/m/the_great_gatsby_2013/","27 Aug 2013","$144,812,796","Warner Bros. Pictures","http://thegreatgatsby.warnerbros.com/","True"
"55","A Christmas Carol","2009","PG","06 Nov 2009","96 min","Animation, Drama, Family","Robert Zemeckis","Robert Zemeckis (screenplay), Charles Dickens (novel)","Jim Carrey, Steve Valentine, Daryl Sabara, Sage Ryan","An animated retelling of Charles Dickens' classic novel about a Victorian-era miser taken on a journey of self-redemption, courtesy of several mysterious Christmas apparitions.","English","USA","3 wins & 4 nominations.","https://images-na.ssl-images-amazon.com/images/M/MV5BMTM1MTI5ODU4MV5BMl5BanBnXkFtZTcwNTYyNTU4Mg@@._V1_SX300.jpg","Internet Movie Database","6.8/10","55","6.8","79,480","tt1067106","movie","N/A","N/A","N/A","N/A","N/A","N/A","N/A","N/A","N/A","N/A","http://www.rottentomatoes.com/m/10008502-christmas_carol/","16 Nov 2010","$137,816,456","Walt Disney Studios","http://Disney.com/ChristmasCarol","True"
"56","Pacific Rim","2013","PG-13","12 Jul 2013","131 min","Action, Adventure, Sci-Fi","Guillermo del Toro","Travis Beacham (screenplay), Guillermo del Toro (screenplay), Travis Beacham (story)","Charlie Hunnam, Diego Klattenhoff, Idris Elba, Rinko Kikuchi","As a war between humankind and monstrous sea creatures wages on, a former pilot and a trainee are paired up to drive a seemingly obsolete special weapon in a desperate effort to save the world from the apocalypse.","English, Japanese, Cantonese, Mandarin","USA","Nominated for 1 BAFTA Film Award. Another 6 wins & 47 nominations.","https://images-na.ssl-images-amazon.com/images/M/MV5BMTY3MTI5NjQ4Nl5BMl5BanBnXkFtZTcwOTU1OTU0OQ@@._V1_SX300.jpg","Internet Movie Database","7.0/10","64","7.0","401,967","tt1663662","movie","N/A","N/A","N/A","N/A","N/A","N/A","N/A","N/A","N/A","N/A","http://www.rottentomatoes.com/m/pacific_rim_2013/","15 Oct 2013","$101,785,482","Warner Bros. Pictures","http://pacificrimmovie.com","True"
"57","The Good Dinosaur","2015","PG","25 Nov 2015","93 min","Animation, Adventure, Comedy","Peter Sohn","Bob Peterson (original concept & development by), Peter Sohn (story by), Erik Benson (story by), Meg LeFauve (story by), Kelsey Mann (story by), Bob Peterson (story by), Meg LeFauve (screenplay), Peter Hedges (additional screenplay material by), Adrian Molina (additional screenplay material by)","Jeffrey Wright, Frances McDormand, Maleah Nipay-Padilla, Ryan Teeple","In a world where dinosaurs and humans live side-by-side, an Apatosaurus named Arlo makes an unlikely human friend.","English","USA","Nominated for 1 Golden Globe. Another 5 wins & 38 nominations.","https://images-na.ssl-images-amazon.com/images/M/MV5BMTc5MTg2NjQ4MV5BMl5BanBnXkFtZTgwNzcxOTY5NjE@._V1_SX300.jpg","Internet Movie Database","6.8/10","66","6.8","78,154","tt1979388","movie","N/A","N/A","N/A","N/A","N/A","N/A","N/A","N/A","N/A","N/A","http://www.rottentomatoes.com/m/the_good_dinosaur/","23 Feb 2016","$94,166,454","Disney/Pixar","http://movies.disney.com/the-good-dinosaur","True"
"58","Iron Man","2008","PG-13","02 May 2008","126 min","Action, Adventure, Sci-Fi","Jon Favreau","Mark Fergus (screenplay), Hawk Ostby (screenplay), Art Marcum (screenplay), Matt Holloway (screenplay), Stan Lee (characters), Don Heck (characters), Larry Lieber (characters), Jack Kirby (characters)","Robert Downey Jr., Terrence Howard, Jeff Bridges, Gwyneth Paltrow","After being held captive in an Afghan cave, billionaire engineer Tony Stark creates a unique weaponized suit of armor to fight evil.","English, Persian, Urdu, Arabic, Hungarian","USA","Nominated for 2 Oscars. Another 19 wins & 65 nominations.","https://images-na.ssl-images-amazon.com/images/M/MV5BMTczNTI2ODUwOF5BMl5BanBnXkFtZTcwMTU0NTIzMw@@._V1_SX300.jpg","Internet Movie Database","7.9/10","79","7.9","742,273","tt0371746","movie","N/A","N/A","N/A","N/A","N/A","N/A","N/A","N/A","N/A","N/A","http://www.rottentomatoes.com/m/iron_man/","30 Sep 2008","$318,298,180","Paramount Pictures","http://www.ironmanmovie.com/","True"
"59","The Dark Knight","2008","PG-13","18 Jul 2008","152 min","Action, Crime, Drama","Christopher Nolan","Jonathan Nolan (screenplay), Christopher Nolan (screenplay), Christopher Nolan (story), David S. Goyer (story), Bob Kane (characters)","Christian Bale, Heath Ledger, Aaron Eckhart, Michael Caine","When the menace known as the Joker emerges from his mysterious past, he wreaks havoc and chaos on the people of Gotham, the Dark Knight must accept one of the greatest psychological and physical tests of his ability to fight injustice.","English, Mandarin","USA, UK","Won 2 Oscars. Another 151 wins & 153 nominations.","https://images-na.ssl-images-amazon.com/images/M/MV5BMTMxNTMwODM0NF5BMl5BanBnXkFtZTcwODAyMTk2Mw@@._V1_SX300.jpg","Internet Movie Database","9.0/10","82","9.0","1,802,351","tt0468569","movie","N/A","N/A","N/A","N/A","N/A","N/A","N/A","N/A","N/A","N/A","http://www.rottentomatoes.com/m/the_dark_knight/","09 Dec 2008","$533,316,061","Warner Bros. Pictures/Legendary","http://thedarkknight.warnerbros.com/","True"
"60","Indiana Jones and the Kingdom of the Crystal Skull","2008","PG-13","22 May 2008","122 min","Action, Adventure, Fantasy","Steven Spielberg","David Koepp (screenplay), George Lucas (story), Jeff Nathanson (story), George Lucas (characters), Philip Kaufman (characters)","Harrison Ford, Cate Blanchett, Karen Allen, Shia LaBeouf","Famed archaeologist/adventurer Dr. Henry ""Indiana"" Jones is called back into action when he becomes entangled in a Soviet plot to uncover the secret behind mysterious artifacts known as the Crystal Skulls.","English, German, Russian","USA","Nominated for 1 BAFTA Film Award. Another 10 wins & 34 nominations.","https://images-na.ssl-images-amazon.com/images/M/MV5BMTIxNDUxNzcyMl5BMl5BanBnXkFtZTcwNTgwOTI3MQ@@._V1_SX300.jpg","Internet Movie Database","6.2/10","65","6.2","352,886","tt0367882","movie","N/A","N/A","N/A","N/A","N/A","N/A","N/A","N/A","N/A","N/A","http://www.rottentomatoes.com/m/indiana_jones_and_the_kingdom_of_the_crystal_skull/","14 Oct 2008","$316,957,122","Paramount Pictures","http://www.indianajones.com/","True"
"61","Brave","2012","PG","22 Jun 2012","93 min","Animation, Adventure, Comedy","Mark Andrews, Brenda Chapman, Steve Purcell","Brenda Chapman (story by), Mark Andrews (screenplay), Steve Purcell (screenplay), Brenda Chapman (screenplay), Irene Mecchi (screenplay)","Kelly Macdonald, Billy Connolly, Emma Thompson, Julie Walters","Determined to make her own path in life, Princess Merida defies a custom that brings chaos to her kingdom. Granted one wish, Merida must rely on her bravery and her archery skills to undo a beastly curse.","English","USA","Won 1 Oscar. Another 18 wins & 48 nominations.","https://images-na.ssl-images-amazon.com/images/M/MV5BMzgwODk3ODA1NF5BMl5BanBnXkFtZTcwNjU3NjQ0Nw@@._V1_SX300.jpg","Internet Movie Database","7.2/10","69","7.2","295,710","tt1217209","movie","N/A","N/A","N/A","N/A","N/A","N/A","N/A","N/A","N/A","N/A","http://www.rottentomatoes.com/m/brave_2012/","13 Nov 2012","$237,282,182","Walt Disney Pictures","http://disney.go.com/brave/?cmp=wdsmp_brv_url_dcombrave","True"
"62","Star Trek Beyond","2016","PG-13","22 Jul 2016","122 min","Action, Adventure, Sci-Fi","Justin Lin","Simon Pegg, Doug Jung, Gene Roddenberry (based upon ""Star Trek"" created by)","Chris Pine, Zachary Quinto, Karl Urban, Zoe Saldana","The U.S.S. Enterprise crew explores the furthest reaches of uncharted space, where they encounter a new ruthless enemy, who puts them, and everything the Federation stands for, to the test.","English","USA, Hong Kong, China","Nominated for 1 Oscar. Another 2 wins & 25 nominations.","https://images-na.ssl-images-amazon.com/images/M/MV5BZDRiOGE5ZTctOWIxOS00MWQwLThlMDYtNWIwMDQwNzBjZDY1XkEyXkFqcGdeQXVyNjU0OTQ0OTY@._V1_SX300.jpg","Internet Movie Database","7.1/10","68","7.1","171,483","tt2660888","movie","N/A","N/A","N/A","N/A","N/A","N/A","N/A","N/A","N/A","N/A","http://www.rottentomatoes.com/m/star_trek_beyond/","01 Nov 2016","$158,804,470","Paramount Pictures","http://www.startrekmovie.com/","True"
"63","The Chronicles of Narnia: The Lion, the Witch and the Wardrobe","2005","PG","09 Dec 2005","143 min","Adventure, Family, Fantasy","Andrew Adamson","Ann Peacock (screenplay), Andrew Adamson (screenplay), Christopher Markus (screenplay), Stephen McFeely (screenplay), C.S. Lewis (book)","Georgie Henley, Skandar Keynes, William Moseley, Anna Popplewell","Four kids travel through a wardrobe to the land of Narnia and learn of their destiny to free it with the guidance of a mystical lion.","English, German","USA, UK","Won 1 Oscar. Another 14 wins & 47 nominations.","https://images-na.ssl-images-amazon.com/images/M/MV5BMTc0NTUwMTU5OV5BMl5BanBnXkFtZTcwNjAwNzQzMw@@._V1_SX300.jpg","Internet Movie Database","6.9/10","75","6.9","306,122","tt0363771","movie","N/A","N/A","N/A","N/A","N/A","N/A","N/A","N/A","N/A","N/A","http://www.rottentomatoes.com/m/chronicles_of_narnia_lion_witch_wardrobe/","04 Apr 2006","$291,685,219","Buena Vista","http://www.narnia.com/","True"
"64","Maleficent","2014","PG","30 May 2014","97 min","Action, Adventure, Family","Robert Stromberg","Linda Woolverton (screenplay), Charles Perrault (based on ""La Belle au bois dormant"" written by)","Angelina Jolie, Elle Fanning, Sharlto Copley, Lesley Manville","A vengeful fairy is driven to curse an infant princess, only to discover that the child may be the one person who can restore peace to their troubled land.","English","USA","Nominated for 1 Oscar. Another 10 wins & 41 nominations.","https://images-na.ssl-images-amazon.com/images/M/MV5BMjAwMzAzMzExOF5BMl5BanBnXkFtZTgwOTcwMDA5MTE@._V1_SX300.jpg","Internet Movie Database","7.0/10","56","7.0","270,950","tt1587310","movie","N/A","N/A","N/A","N/A","N/A","N/A","N/A","N/A","N/A","N/A","http://www.rottentomatoes.com/m/maleficent_2014/","04 Nov 2014","$190,871,149","Walt Disney Pictures","http://disney.com/Maleficent","True"
"65","WALL·E","2008","G","27 Jun 2008","98 min","Animation, Adventure, Family","Andrew Stanton","Andrew Stanton (original story by), Pete Docter (original story by), Andrew Stanton (screenplay), Jim Reardon (screenplay)","Ben Burtt, Elissa Knight, Jeff Garlin, Fred Willard","In the distant future, a small waste-collecting robot inadvertently embarks on a space journey that will ultimately decide the fate of mankind.","English","USA","Won 1 Oscar. Another 90 wins & 90 nominations.","https://images-na.ssl-images-amazon.com/images/M/MV5BMjExMTg5OTU0NF5BMl5BanBnXkFtZTcwMjMxMzMzMw@@._V1_SX300.jpg","Internet Movie Database","8.4/10","94","8.4","782,275","tt0910970","movie","N/A","N/A","N/A","N/A","N/A","N/A","N/A","N/A","N/A","N/A","http://www.rottentomatoes.com/m/wall_e/","18 Nov 2008","$223,749,872","Walt Disney Pictures","http://www.wall-e.com/","True"
"66","Rush Hour 3","2007","PG-13","10 Aug 2007","91 min","Action, Comedy, Crime","Brett Ratner","Jeff Nathanson, Ross LaManna (characters)","Chris Tucker, Jackie Chan, Max von Sydow, Hiroyuki Sanada","After an attempted assassination on Ambassador Han, Lee and Carter head to Paris to protect a French woman with knowledge of the Triads' secret leaders.","English, French, Japanese, Mandarin, Latin","USA, Germany","9 nominations.","https://images-na.ssl-images-amazon.com/images/M/MV5BMTA0Nzg5NjQ0MDBeQTJeQWpwZ15BbWU3MDE4Mzg5NDE@._V1_SX300.jpg","Internet Movie Database","6.2/10","44","6.2","127,774","tt0293564","movie","N/A","N/A","N/A","N/A","N/A","N/A","N/A","N/A","N/A","N/A","http://www.rottentomatoes.com/m/rush_hour_3/","18 Dec 2007","$140,080,850","New Line Cinema","http://www.rushhourmovie.com/","True"
"67","The Legend of Tarzan","2016","PG-13","01 Jul 2016","110 min","Action, Adventure, Drama","David Yates","Adam Cozad (screenplay), Craig Brewer (screenplay), Craig Brewer (story by), Adam Cozad (story by), Edgar Rice Burroughs (based on the ""Tarzan"" stories created by)","Alexander Skarsgård, Rory J. Saper, Christian Stevens, Christoph Waltz","Tarzan, having acclimated to life in London, is called back to his former home in the jungle to investigate the activities at a mining encampment.","English","UK, Canada, USA","1 win & 4 nominations.","https://images-na.ssl-images-amazon.com/images/M/MV5BMzY3OTI0OTcyMF5BMl5BanBnXkFtZTgwNjkxNTAwOTE@._V1_SX300.jpg","Internet Movie Database","6.3/10","44","6.3","121,468","tt0918940","movie","N/A","N/A","N/A","N/A","N/A","N/A","N/A","N/A","N/A","N/A","http://www.rottentomatoes.com/m/tarzan_2016/","11 Oct 2016","$126,585,313","Lionsgate Pictures","http://legendoftarzan.com/","True"
"68","Hugo","2011","PG","23 Nov 2011","126 min","Adventure, Drama, Family","Martin Scorsese","John Logan (screenplay), Brian Selznick (book)","Ben Kingsley, Sacha Baron Cohen, Asa Butterfield, Chloë Grace Moretz","In Paris in 1931, an orphan named Hugo Cabret who lives in the walls of a train station is wrapped up in a mystery involving his late father and an automaton.","English","USA","Won 5 Oscars. Another 57 wins & 185 nominations.","https://images-na.ssl-images-amazon.com/images/M/MV5BMjAzNzk5MzgyNF5BMl5BanBnXkFtZTcwOTE4NDU5Ng@@._V1_SX300.jpg","Internet Movie Database","7.5/10","83","7.5","260,429","tt0970179","movie","N/A","N/A","N/A","N/A","N/A","N/A","N/A","N/A","N/A","N/A","http://www.rottentomatoes.com/m/hugo/","28 Feb 2012","$73,820,094","Paramount Studios","http://www.hugomovie.com/","True"
